{
  "name": "spiral_nebula",
  "fps": 60,
  "width": 1920,
  "height": 1080,
  "keyframes": [
    {
      "frame": 0,
      "center_re": -0.75,
      "center_im": 0.0,
      "zoom": 1.0,
      "max_iter": 500,
      "palette": "nebula",
      "rotation": 0.0
    },
    {
      "frame": 500,
      "center_re": -0.7746806106269039,
      "center_im": -0.1374168856037867,
      "zoom": 200.0,
      "max_iter": 800,
      "palette": "nebula",
      "rotation": 0.0
    },
    {
      "frame": 1799,
      "center_re": -0.7746806106269039,
      "center_im": -0.1374168856037867,
      "zoom": 500000.0,
      "max_iter": 2500,
      "palette": "nebula",
      "rotation": 0.0
    }
  ]
}
